Workbook

Sheet Dashboard
A1: Halcyon Credit — Daily Progress Dashboard
A2: Agentic Underwriting Copilot · Sprint 0 → Sprint 4 · Owner: Yash Gupta
A3: Last updated: 2026-06-22
A5: KEY METRICS
A7: Current Sprint | C7: Sprint Progress | E7: Total Stories | G7: Stories Done
A8: Sprint 0 | C8: =ROUND('Sprint Tracker'!E3*100,0)&"%" -> 0% | E8: =COUNTA(Backlog!A4:A57) -> 54 | G8: =COUNTIF(Backlog!H4:H57,"Done") -> 2
A10: Open Blockers | C10: Pending Tasks | E10: High Priority Items | G10: Days into Project
A11: =COUNTIF(Blockers!G4:G50,"Open")+COUNTIF(Blockers!G4:G50,"In Progress") -> 1 | C11: =COUNTIF('Pending Tasks'!H4:H100,"Not Started")+COUNTIF('Pending Tasks'!H4:H100,"In Progress") -> 8 | E11: =COUNTIF('High Priority'!E4:E50,"<>Closed")-COUNTBLANK('High Priority'!E4:E50) -> 3 | G11: =TODAY()-DATE(2026,6,22) -> 0
A14: SPRINT PROGRESS
A15: Sprint | B15: Goal | C15: Planned pts | D15: Done pts | E15: % Complete | F15: Status
A16: Sprint 0 | B16: Discovery, planning, de-risking | C16: 34 | D16: 16.5 | E16: =D16/C16 -> 0.48529412 | F16: =IF(E16=1,"Done",IF(E16>=0.7,"On Track",IF(E16>=0.3,"In Progress",IF(E16>0,"At Risk","Not Started")))) -> In Progress
A17: Sprint 1 | B17: POC — end-to-end thin slice | C17: 39 | D17: 0 | E17: =D17/C17 -> 0 | F17: =IF(E17=1,"Done",IF(E17>=0.7,"On Track",IF(E17>=0.3,"In Progress",IF(E17>0,"At Risk","Not Started")))) -> Not Started
A18: Sprint 2 | B18: Multi-scheme policy + ML hardening | C18: 47 | D18: 0 | E18: =D18/C18 -> 0 | F18: =IF(E18=1,"Done",IF(E18>=0.7,"On Track",IF(E18>=0.3,"In Progress",IF(E18>0,"At Risk","Not Started")))) -> Not Started
A19: Sprint 3 | B19: Doc verify, regulatory, fairness | C19: 47 | D19: 0 | E19: =D19/C19 -> 0 | F19: =IF(E19=1,"Done",IF(E19>=0.7,"On Track",IF(E19>=0.3,"In Progress",IF(E19>0,"At Risk","Not Started")))) -> Not Started
A20: Sprint 4 | B20: Audit, guardrails, pilot | C20: 50 | D20: 0 | E20: =D20/C20 -> 0 | F20: =IF(E20=1,"Done",IF(E20>=0.7,"On Track",IF(E20>=0.3,"In Progress",IF(E20>0,"At Risk","Not Started")))) -> Not Started
A40: TODAY’S SNAPSHOT (pulls latest row from Daily Log)
A41: Date | B41: Sprint | C41: Planned % | D41: Actual % | E41: Top tasks done | F41: Active blockers | G41: Owner
A42: =IFERROR(INDEX('Daily Log'!A:A,MATCH(MAX('Daily Log'!A:A),'Daily Log'!A:A,0)),"—") -> 46195 | B42: =IFERROR(INDEX('Daily Log'!B:B,MATCH(MAX('Daily Log'!A:A),'Daily Log'!A:A,0)),"—") -> Sprint 0 | C42: =IFERROR(INDEX('Daily Log'!C:C,MATCH(MAX('Daily Log'!A:A),'Daily Log'!A:A,0)),"—") -> 40% | D42: =IFERROR(INDEX('Daily Log'!D:D,MATCH(MAX('Daily Log'!A:A),'Daily Log'!A:A,0)),"—") -> 48% | E42: =IFERROR(INDEX('Daily Log'!E:E,MATCH(MAX('Daily Log'!A:A),'Daily Log'!A:A,0)),"—") -> PRD v2.0 finalised; full Agile backlog authored (15 epics, 54 stories, 217 pts); Sprint 0–4 plan; repo initialised; A-8b drafted | F42: =COUNTIF(Blockers!G:G,"Open")+COUNTIF(Blockers!G:G,"In Progress") -> 3 | G42: =IFERROR(INDEX('Daily Log'!H:H,MATCH(MAX('Daily Log'!A:A),'Daily Log'!A:A,0)),"—") -> Yash, Abe, Het

Sheet Daily Log
A1: Date | B1: Sprint | C1: Planned % | D1: Actual % | E1: Tasks Completed Today | F1: Hours Spent | G1: Blockers Raised | H1: Owner | I1: Notes
A2: 46195 | B2: Sprint 0 | C2: 40% | D2: 48% | E2: PRD v2.0 finalised; full Agile backlog authored (15 epics, 54 stories, 217 pts); Sprint 0–4 plan; repo initialised; A-8b drafted | F2: 8 | G2: A-8b signoff; vector store choice; wireframes | H2: Yash, Abe, Het | I2: Sprint 0 baseline pushed to repo

Sheet Blockers
A1: Blocker ID | B1: Date Raised | C1: Description | D1: Severity | E1: Owner | F1: Workarounds Tried | G1: Status | H1: Resolution / Next Step | I1: Date Resolved
A2: BL-001 | B2: 46195 | C2: A-8b (CODE_GENDER / DAYS_BIRTH exclusion) not yet signed off by Compliance SME | D2: High | E2: Yash | F2: Drafted the exclusion note ourselves and shared on Slack; treating as confirmed pending writeback | G2: Open | H2: Need 10 min with Compliance SME tomorrow morning
A3: BL-002 | B3: 46195 | C3: Vector store choice (Chroma vs Pinecone) blocking HL architecture + DB schema | D3: High | E3: Yash | F3: Built back-of-envelope cost model for both at 200 apps/hr — Chroma ~30% cheaper, needs self-hosting | G3: In Progress | H3: 15-min call with Tech Lead to decide before Sprint 1
A4: BL-003 | B4: 46195 | C4: Wireframes not started — UX designer pulled to another project | D4: Medium | E4: UX | F4: Sketched low-fi flow on paper (Queue → App Detail → Evidence Panel → Decision) | G4: Open | H4: Reassign UX bandwidth tomorrow

Sheet Pending Tasks
A1: Task ID | B1: Title | C1: Sprint | D1: Epic | E1: Owner | F1: Due Date | G1: % Complete | H1: Status | I1: Priority | J1: Notes
A2: US-006 | B2: End-to-End User Flow Definition | C2: Sprint 0 | D2: EPIC-12 | E2: UX | F2: 46196 | G2: 0.2 | H2: In Progress | I2: High | J2: Paper sketch done; needs digitisation
A3: US-007 | B3: Wireframes / Mockups | C3: Sprint 0 | D3: EPIC-12 | E3: UX | F3: 46196 | G3: 0 | H3: Not Started | I3: Medium | J3: Blocked by BL-003
A4: US-008 | B4: Technical Feasibility Analysis | C4: Sprint 0 | D4: EPIC-15 | E4: Abe, Yash, Het | F4: 46196 | G4: 0.2 | H4: In Progress | I4: High | J4: Cost model started, latency budget pending
A5: US-009 | B5: High-Level Architecture | C5: Sprint 0 | D5: EPIC-15 | E5: Yash | F5: 46196 | G5: 0.15 | H5: In Progress | I5: High | J5: Blocked by BL-002
A6: US-010 | B6: DB Design Planning | C6: Sprint 0 | D6: EPIC-10 | E6: Abe | F6: 46196 | G6: 0.1 | H6: In Progress | I6: High | J6: Awaiting vector store decision
A7: US-011 | B7: API Contract (OpenAPI) | C7: Sprint 0 | D7: EPIC-15 | E7: Yash | F7: 46196 | G7: 0 | H7: Not Started | I7: High | J7: Depends on US-009
A8: US-005 | B8: A-8b Open-Question Closure | C8: Sprint 0 | D8: EPIC-15 | E8: Abe | F8: 46196 | G8: 0.4 | H8: In Progress | I8: High | J8: Blocked by BL-001
A9: US-015 | B9: DoR & DoD | C9: Sprint 0 | D9: EPIC-15 | E9: Abe | F9: 46196 | G9: 0.7 | H9: In Progress | I9: Medium | J9: DoR list pending
A10: US-003 | B10: Stakeholder Discussions | C10: Sprint 0 | D10: EPIC-12 | E10: Abe, Yash, Het | F10: 46196 | G10: 0.3 | H10: In Progress | I10: High | J10: Interviews to schedule
A11: US-004 | B11: PRD Review & Validation | C11: Sprint 0 | D11: EPIC-15 | E11: Yash, Het | F11: 46196 | G11: 0.6 | H11: In Progress | I11: High | J11: Formal signoff record pending

Sheet High Priority
A1: Item | B1: Type | C1: Owner | D1: Due Date | E1: Status | F1: Why it matters | G1: Next Action
A2: A-8b signoff from Compliance SME | B2: Decision | C2: Yash | D2: 46196 | E2: Open | F2: Unblocks ML feature engineering for Sprint 1 | G2: 10-min call with SME tomorrow AM
A3: Vector store choice (Chroma vs Pinecone) | B3: Decision | C3: Tech Lead | D3: 46196 | E3: Open | F3: Drives architecture, DB schema, cost model | G3: 15-min call with Tech Lead
A4: Reassign UX bandwidth for wireframes | B4: Resource | C4: PM | D4: 46196 | E4: Open | F4: Sprint 0 cannot close without 4 wireframes | G4: Discuss with PM in standup
A5: Publish OpenAPI v0.1 | B5: Deliverable | C5: Yash | D5: 46196 | E5: Not Started | F5: Backend + UI can parallelise from Sprint 1 | G5: After US-009 closes
A6: RAG retrieval accuracy spike plan | B6: Risk | C6: DS | D6: 46197 | E6: Open | F6: ★ riskiest PRD assumption (Risk R-1) | G6: Draft 30-scenario eval set

Sheet Sprint Tracker
A1: Sprint | B1: Goal | C1: Planned pts | D1: Done pts | E1: % Complete | F1: # Stories | G1: # Done | H1: Start | I1: End | J1: Status
A2: Sprint 0 | B2: Discovery, planning, de-risking | C2: 34 | D2: 16.5 | E2: =D2/C2 -> 0.48529412 | F2: 15 | G2: 2 | H2: 46195 | I2: 46201 | J2: =IF(E2=1,"Done",IF(E2>=0.7,"On Track",IF(E2>=0.3,"In Progress",IF(E2>0,"At Risk","Not Started")))) -> In Progress
A3: Sprint 1 | B3: POC — end-to-end thin slice | C3: 39 | D3: 0 | E3: =D3/C3 -> 0 | F3: 11 | G3: 0 | H3: 46202 | I3: 46208 | J3: =IF(E3=1,"Done",IF(E3>=0.7,"On Track",IF(E3>=0.3,"In Progress",IF(E3>0,"At Risk","Not Started")))) -> Not Started
A4: Sprint 2 | B4: Multi-scheme policy + ML hardening | C4: 47 | D4: 0 | E4: =D4/C4 -> 0 | F4: 9 | G4: 0 | H4: 46209 | I4: 46222 | J4: =IF(E4=1,"Done",IF(E4>=0.7,"On Track",IF(E4>=0.3,"In Progress",IF(E4>0,"At Risk","Not Started")))) -> Not Started
A5: Sprint 3 | B5: Doc verify, regulatory, fairness | C5: 47 | D5: 0 | E5: =D5/C5 -> 0 | F5: 9 | G5: 0 | H5: 46223 | I5: 46236 | J5: =IF(E5=1,"Done",IF(E5>=0.7,"On Track",IF(E5>=0.3,"In Progress",IF(E5>0,"At Risk","Not Started")))) -> Not Started
A6: Sprint 4 | B6: Audit, guardrails, pilot | C6: 50 | D6: 0 | E6: =D6/C6 -> 0 | F6: 10 | G6: 0 | H6: 46237 | I6: 46250 | J6: =IF(E6=1,"Done",IF(E6>=0.7,"On Track",IF(E6>=0.3,"In Progress",IF(E6>0,"At Risk","Not Started")))) -> Not Started

Sheet Backlog
A1: Product Backlog — 54 user stories (reference, edit Status / Owner / % freely)
A2: Story | B2: Title | C2: Epic | D2: Sprint | E2: Pts | F2: Priority | G2: Owner | H2: Status | I2: % Complete
A3: Story | B3: Title | C3: Epic | D3: Sprint | E3: Pts | F3: Priority | G3: Owner | H3: Status | I3: % Complete
A4: US-001 | B4: Functional Requirement Gathering | C4: EPIC-15 | D4: Sprint 0 | E4: 3 | F4: High | G4: Abe | H4: In Progress | I4: 0.75
A5: US-002 | B5: Business Requirement Analysis | C5: EPIC-15 | D5: Sprint 0 | E5: 3 | F5: High | G5: Yash, Het | H5: In Progress | I5: 0.7
A6: US-003 | B6: Stakeholder Discussions | C6: EPIC-12 | D6: Sprint 0 | E6: 3 | F6: High | G6: Abe, Yash, Het | H6: In Progress | I6: 0.3
A7: US-004 | B7: PRD Review & Validation | C7: EPIC-15 | D7: Sprint 0 | E7: 2 | F7: High | G7: Yash, Het | H7: In Progress | I7: 0.6
A8: US-005 | B8: Requirement Clarification (A-8b) | C8: EPIC-15 | D8: Sprint 0 | E8: 2 | F8: High | G8: Abe | H8: In Progress | I8: 0.4
A9: US-006 | B9: User Flow Definition | C9: EPIC-12 | D9: Sprint 0 | E9: 3 | F9: High | G9: UX | H9: In Progress | I9: 0.2
A10: US-007 | B10: Wireframes / Mockups | C10: EPIC-12 | D10: Sprint 0 | E10: 3 | F10: Medium | G10: UX | H10: Not Started | I10: 0
A11: US-008 | B11: Technical Feasibility | C11: EPIC-15 | D11: Sprint 0 | E11: 3 | F11: High | G11: Abe, Yash, Het | H11: In Progress | I11: 0.2
A12: US-009 | B12: HL Architecture | C12: EPIC-15 | D12: Sprint 0 | E12: 3 | F12: High | G12: Yash | H12: In Progress | I12: 0.15
A13: US-010 | B13: DB Design Planning | C13: EPIC-10 | D13: Sprint 0 | E13: 3 | F13: High | G13: Abe | H13: In Progress | I13: 0.1
A14: US-011 | B14: API Contract Definition | C14: EPIC-15 | D14: Sprint 0 | E14: 3 | F14: High | G14: Yash | H14: Not Started | I14: 0
A15: US-012 | B15: Risk Register | C15: EPIC-15 | D15: Sprint 0 | E15: 2 | F15: High | G15: Het | H15: In Progress | I15: 0.85
... A18: US-015 | B18: DoR & DoD | C18: EPIC-15 | D18: Sprint 0 | E18: 1 | F18: High | G18: Abe | H18: In Progress | I18: 0.7
A19: US-101 | B19: Basic Auth | C19: EPIC-14 | D19: Sprint 1 | E19: 3 | F19: High | H19: Not Started | I19: 0
A20: US-102 | B20: Basic Ingestion | C20: EPIC-01 | D20: Sprint 1 | E20: 3 | F20: High | H20: Not Started | I20: 0
A21: US-103 | B21: Baseline ML Risk Score | C21: EPIC-02 | D21: Sprint 1 | E21: 5 | F21: High | H21: Not Started | I21: 0
A22: US-104 | B22: Minimal Policy Corpus (5 clauses) | C22: EPIC-03 | D22: Sprint 1 | E22: 2 | F22: High | H22: Not Started | I22: 0
A23: US-105 | B23: RAG Retrieval (single scheme) | C23: EPIC-03 | D23: Sprint 1 | E23: 5 | F23: High | H23: Not Started | I23: 0
A24: US-106 | B24: POC Recommendation | C24: EPIC-08 | D24: Sprint 1 | E24: 5 | F24: High | H24: Not Started | I24: 0
A25: US-107 | B25: Basic Underwriter UI | C25: EPIC-12 | D25: Sprint 1 | E25: 5 | F25: High | H25: Not Started | I25: 0
A26: US-108 | B26: POC Audit Record | C26: EPIC-10 | D26: Sprint 1 | E26: 3 | F26: High | H26: Not Started | I26: 0
A27: US-109 | B27: Mock Regulatory Stub | C27: EPIC-06 | D27: Sprint 1 | E27: 3 | F27: Medium | H27: Not Started | I27: 0
A28: US-110 | B28: POC Demo Script | C28: EPIC-15 | D28: Sprint 1 | E28: 2 | F28: High | H28: Not Started | I28: 0
A29: US-111 | B29: RAG Accuracy Spike (★) | C29: EPIC-03 | D29: Sprint 1 | E29: 3 | F29: High | H29: Not Started | I29: 0
A30: US-201 | B30: Hardened ML AUC ≥ 0.80 | C30: EPIC-02 | D30: Sprint 2 | E30: 8 | F30: High | H30: Not Started | I30: 0
... A57: US-410 | B57: Release Runbook | C57: EPIC-15 | D57: Sprint 4 | E57: 3 | F57: Medium | H57: Not Started | I57: 0

Sheet How to use
A1: How to use this dashboard
A3: Update every day:
A4: 1. Open the "Daily Log" sheet and add a new row at the bottom — fill date, sprint, planned %, actual %, tasks done today, hours, blockers raised, owner, notes.
A5: 2. Open "Blockers" and add any new blocker with severity, owner, workarounds tried, and status. Update existing blockers if status changes.
A6: 3. Open "Pending Tasks" — update % Complete and Status for tasks you touched today. Add new tasks as needed.
A7: 4. Open "High Priority" — add any items that need today’s attention (decisions to make, deliverables due, risks materialising).
A8: 5. (End of sprint) Open "Sprint Tracker" and update Done pts and # Done. The Dashboard KPIs and chart update automatically.
A10: The "Dashboard" sheet pulls live KPIs and the latest Daily Log entry — no manual edits needed there.
A12: Color key:
A13: Green = Done / On Track
A14: Yellow = In Progress
A15: Red = Open blocker / Blocked / Overdue / At Risk
... A27: • Backlog — reference list of all 54 user stories
